Listing_id,negative,positive,Total,Positive Ratio,Negative Ratio
38585,34,804,838,0.96,0.04
80905,27,317,344,0.92,0.08
108061,64,481,545,0.88,0.12
155305,115,702,817,0.86,0.14
156805,18,182,200,0.91,0.09
156926,107,766,873,0.88,0.12
160594,24,327,351,0.93,0.07
189916,32,708,740,0.96,0.04
209068,14,317,331,0.96,0.04
213006,51,820,871,0.94,0.06
246315,30,239,269,0.89,0.11
259576,169,2689,2858,0.94,0.06
295496,19,179,198,0.90,0.10
304379,13,121,134,0.90,0.10
353092,130,2219,2349,0.94,0.06
427497,10,171,181,0.94,0.06
433646,19,439,458,0.96,0.04
483384,86,1802,1888,0.95,0.05
495111,63,1353,1416,0.96,0.04
539020,82,992,1074,0.92,0.08
563189,52,712,764,0.93,0.07
612660,29,388,417,0.93,0.07
621243,11,204,215,0.95,0.05
634319,11,191,202,0.95,0.05
653777,30,465,495,0.94,0.06
660702,86,890,976,0.91,0.09
674894,44,624,668,0.93,0.07
677692,18,73,91,0.80,0.20
695196,256,3061,3317,0.92,0.08
720609,17,196,213,0.92,0.08
723349,,20,20,1.00,0.00
723410,3,18,21,0.86,0.14
751963,21,382,403,0.95,0.05
840696,91,1995,2086,0.96,0.04
846221,44,340,384,0.89,0.11
875735,43,276,319,0.87,0.13
881707,180,2083,2263,0.92,0.08
942934,109,2147,2256,0.95,0.05
943832,45,430,475,0.91,0.09
971003,58,844,902,0.94,0.06
976034,100,1172,1272,0.92,0.08
977054,34,606,640,0.95,0.05
990426,18,224,242,0.93,0.07
992821,21,231,252,0.92,0.08
1039028,35,749,784,0.96,0.04
1066156,138,2747,2885,0.95,0.05
1127777,56,1215,1271,0.96,0.04
1151149,30,483,513,0.94,0.06
1198090,17,312,329,0.95,0.05
1202777,,14,14,1.00,0.00
1212352,103,1045,1148,0.91,0.09
1219374,28,861,889,0.97,0.03
1223655,19,164,183,0.90,0.10
1223683,40,270,310,0.87,0.13
1235531,3,69,72,0.96,0.04
1297717,62,399,461,0.87,0.13
1312301,28,447,475,0.94,0.06
1325364,78,1632,1710,0.95,0.05
1332684,237,1766,2003,0.88,0.12
1373040,65,1091,1156,0.94,0.06
1392363,8,80,88,0.91,0.09
1393012,21,353,374,0.94,0.06
1421061,29,629,658,0.96,0.04
1441145,74,1207,1281,0.94,0.06
1475299,12,125,137,0.91,0.09
1497710,39,758,797,0.95,0.05
1569954,13,276,289,0.96,0.04
1571095,15,284,299,0.95,0.05
1574329,1,3,4,0.75,0.25
1577750,80,1013,1093,0.93,0.07
1578831,80,760,840,0.90,0.10
1586906,55,992,1047,0.95,0.05
1684109,40,514,554,0.93,0.07
1728187,39,237,276,0.86,0.14
1768955,23,285,308,0.93,0.07
1785262,64,1357,1421,0.95,0.05
1827412,273,1378,1651,0.83,0.17
1843828,68,343,411,0.83,0.17
1851921,6,105,111,0.95,0.05
1852818,46,531,577,0.92,0.08
1950593,104,1930,2034,0.95,0.05
1956037,40,482,522,0.92,0.08
2011367,72,643,715,0.90,0.10
2014453,213,2484,2697,0.92,0.08
2072026,184,1277,1461,0.87,0.13
2108335,94,1234,1328,0.93,0.07
2142139,18,533,551,0.97,0.03
2152930,22,528,550,0.96,0.04
2176375,50,1015,1065,0.95,0.05
2209375,99,512,611,0.84,0.16
2213748,144,1616,1760,0.92,0.08
2214960,64,1016,1080,0.94,0.06
2222067,37,687,724,0.95,0.05
2254521,14,164,178,0.92,0.08
2283071,10,177,187,0.95,0.05
2295996,97,1919,2016,0.95,0.05
2296152,169,2833,3002,0.94,0.06
2326086,210,1379,1589,0.87,0.13
2411109,148,2894,3042,0.95,0.05
2432326,62,946,1008,0.94,0.06
2432333,12,280,292,0.96,0.04
2454666,45,760,805,0.94,0.06
2477628,83,727,810,0.90,0.10
2500681,1,57,58,0.98,0.02
2569529,4,50,54,0.93,0.07
2605869,31,80,111,0.72,0.28
2607570,19,289,308,0.94,0.06
2624781,,8,8,1.00,0.00
2691057,22,695,717,0.97,0.03
2708104,51,824,875,0.94,0.06
2842035,9,104,113,0.92,0.08
2925486,43,904,947,0.95,0.05
2943116,20,660,680,0.97,0.03
2949571,93,1078,1171,0.92,0.08
3040444,98,1483,1581,0.94,0.06
3066648,149,737,886,0.83,0.17
3084395,88,841,929,0.91,0.09
3095136,113,1217,1330,0.92,0.08
3116699,77,812,889,0.91,0.09
3220474,130,1745,1875,0.93,0.07
3225871,71,244,315,0.77,0.23
3244166,2,73,75,0.97,0.03
3268055,74,673,747,0.90,0.10
3300523,44,1039,1083,0.96,0.04
3314819,251,2155,2406,0.90,0.10
3322161,3,24,27,0.89,0.11
3369973,32,439,471,0.93,0.07
3390324,9,268,277,0.97,0.03
3404146,28,392,420,0.93,0.07
3405282,6,48,54,0.89,0.11
3424947,66,742,808,0.92,0.08
3439245,33,317,350,0.91,0.09
3454237,64,325,389,0.84,0.16
3522134,45,423,468,0.90,0.10
3522532,52,669,721,0.93,0.07
3529241,56,1328,1384,0.96,0.04
3563156,24,441,465,0.95,0.05
3563399,87,1132,1219,0.93,0.07
3569949,21,276,297,0.93,0.07
3590634,45,711,756,0.94,0.06
3649639,88,1415,1503,0.94,0.06
3654375,19,277,296,0.94,0.06
3738456,13,89,102,0.87,0.13
3741771,135,1339,1474,0.91,0.09
3741932,38,318,356,0.89,0.11
3767793,67,204,271,0.75,0.25
3812545,175,2691,2866,0.94,0.06
3868452,50,701,751,0.93,0.07
3868910,98,901,999,0.90,0.10
3888565,40,630,670,0.94,0.06
3888845,187,2093,2280,0.92,0.08
3889212,24,222,246,0.90,0.10
3945733,132,1434,1566,0.92,0.08
3961524,42,785,827,0.95,0.05
3968877,19,505,524,0.96,0.04
3984596,61,445,506,0.88,0.12
3986614,100,1100,1200,0.92,0.08
3990524,29,594,623,0.95,0.05
4021238,2,58,60,0.97,0.03
4045013,45,651,696,0.94,0.06
4054144,5,67,72,0.93,0.07
4108784,106,886,992,0.89,0.11
4124504,98,1398,1496,0.93,0.07
4129119,96,1569,1665,0.94,0.06
4145255,22,662,684,0.97,0.03
4173713,17,265,282,0.94,0.06
4174356,96,1396,1492,0.94,0.06
4182500,57,1027,1084,0.95,0.05
4183263,72,1291,1363,0.95,0.05
4191204,107,1775,1882,0.94,0.06
4241484,46,690,736,0.94,0.06
4249688,78,1135,1213,0.94,0.06
4285157,10,91,101,0.90,0.10
4304358,13,136,149,0.91,0.09
4304361,22,152,174,0.87,0.13
4311472,17,625,642,0.97,0.03
4362574,10,176,186,0.95,0.05
4363562,13,244,257,0.95,0.05
4375081,60,609,669,0.91,0.09
4394670,84,725,809,0.90,0.10
4394761,83,762,845,0.90,0.10
4429169,37,636,673,0.95,0.05
4448604,92,934,1026,0.91,0.09
4515772,19,280,299,0.94,0.06
4583056,6,95,101,0.94,0.06
4587394,46,829,875,0.95,0.05
4764715,118,1850,1968,0.94,0.06
4811980,68,951,1019,0.93,0.07
4815479,25,204,229,0.89,0.11
4846733,32,338,370,0.91,0.09
4875054,26,292,318,0.92,0.08
4895765,186,2244,2430,0.92,0.08
4937473,1,4,5,0.80,0.20
4939317,7,247,254,0.97,0.03
4994407,75,489,564,0.87,0.13
5114762,116,1522,1638,0.93,0.07
5131525,28,556,584,0.95,0.05
5144212,191,1203,1394,0.86,0.14
5151226,34,429,463,0.93,0.07
5170218,3,103,106,0.97,0.03
5213038,53,1111,1164,0.95,0.05
5261984,12,108,120,0.90,0.10
5262825,157,1620,1777,0.91,0.09
5288006,10,121,131,0.92,0.08
5333015,20,295,315,0.94,0.06
5336187,,4,4,1.00,0.00
5344892,38,625,663,0.94,0.06
5354494,94,749,843,0.89,0.11
5405078,30,472,502,0.94,0.06
5464591,42,693,735,0.94,0.06
5477385,2,14,16,0.88,0.13
5481195,12,446,458,0.97,0.03
5506704,30,379,409,0.93,0.07
5507900,14,226,240,0.94,0.06
5532718,101,1186,1287,0.92,0.08
5696919,22,659,681,0.97,0.03
5716399,72,602,674,0.89,0.11
5830892,22,241,263,0.92,0.08
5839119,24,313,337,0.93,0.07
5850649,82,891,973,0.92,0.08
5851392,56,401,457,0.88,0.12
5868695,46,518,564,0.92,0.08
5873862,76,881,957,0.92,0.08
5917298,55,691,746,0.93,0.07
5947797,6,210,216,0.97,0.03
6004216,77,1225,1302,0.94,0.06
6005112,,68,68,1.00,0.00
6015623,84,824,908,0.91,0.09
6054250,123,2429,2552,0.95,0.05
6056098,30,626,656,0.95,0.05
6079982,22,356,378,0.94,0.06
6145162,130,704,834,0.84,0.16
6170347,46,936,982,0.95,0.05
6177422,43,1099,1142,0.96,0.04
6180513,12,132,144,0.92,0.08
6184213,26,274,300,0.91,0.09
6197585,17,480,497,0.97,0.03
6227094,16,314,330,0.95,0.05
6234618,46,770,816,0.94,0.06
6290666,103,1266,1369,0.92,0.08
6325103,40,636,676,0.94,0.06
6362850,46,673,719,0.94,0.06
6363332,10,88,98,0.90,0.10
6399802,167,954,1121,0.85,0.15
6415234,12,111,123,0.90,0.10
6419437,9,94,103,0.91,0.09
6452410,37,657,694,0.95,0.05
6464944,82,1135,1217,0.93,0.07
6503015,81,1572,1653,0.95,0.05
6599654,18,505,523,0.97,0.03
6603955,97,1123,1220,0.92,0.08
6609327,1,6,7,0.86,0.14
6686924,52,1059,1111,0.95,0.05
6698737,53,1437,1490,0.96,0.04
6711659,81,622,703,0.88,0.12
6713809,7,3,10,0.30,0.70
6715120,33,403,436,0.92,0.08
6724476,30,664,694,0.96,0.04
6746841,52,435,487,0.89,0.11
6760016,41,389,430,0.90,0.10
6765734,46,288,334,0.86,0.14
6765832,9,61,70,0.87,0.13
6813265,27,497,524,0.95,0.05
6818139,189,1016,1205,0.84,0.16
6829875,13,306,319,0.96,0.04
6853602,7,89,96,0.93,0.07
6869894,99,1622,1721,0.94,0.06
6913630,79,582,661,0.88,0.12
6964842,47,603,650,0.93,0.07
7000847,44,435,479,0.91,0.09
7001873,98,1322,1420,0.93,0.07
7045303,18,305,323,0.94,0.06
7063293,,2,2,1.00,0.00
7064317,17,247,264,0.94,0.06
7103096,53,264,317,0.83,0.17
7319238,40,512,552,0.93,0.07
7340132,45,651,696,0.94,0.06
7341057,26,504,530,0.95,0.05
7367841,72,1113,1185,0.94,0.06
7383921,8,131,139,0.94,0.06
7387243,34,555,589,0.94,0.06
7418991,89,1379,1468,0.94,0.06
7438838,10,65,75,0.87,0.13
7500225,28,319,347,0.92,0.08
7543799,86,1083,1169,0.93,0.07
7546626,57,796,853,0.93,0.07
7556089,18,411,429,0.96,0.04
7612231,19,284,303,0.94,0.06
7630648,67,1136,1203,0.94,0.06
7662484,23,671,694,0.97,0.03
7665386,101,781,882,0.89,0.11
7674957,26,396,422,0.94,0.06
7676458,4,68,72,0.94,0.06
7693393,33,506,539,0.94,0.06
7745341,74,477,551,0.87,0.13
7850593,73,920,993,0.93,0.07
7853266,3,56,59,0.95,0.05
7853605,56,977,1033,0.95,0.05
7859259,15,275,290,0.95,0.05
7887572,9,192,201,0.96,0.04
7895827,68,897,965,0.93,0.07
7901875,4,92,96,0.96,0.04
7938548,109,770,879,0.88,0.12
7938930,3,23,26,0.88,0.12
7940019,1,16,17,0.94,0.06
7947839,110,1639,1749,0.94,0.06
7966916,52,793,845,0.94,0.06
7967886,2,50,52,0.96,0.04
7970419,30,250,280,0.89,0.11
7995120,22,77,99,0.78,0.22
7997863,9,150,159,0.94,0.06
8030827,21,171,192,0.89,0.11
8051829,45,376,421,0.89,0.11
8064417,,31,31,1.00,0.00
8085716,41,550,591,0.93,0.07
8089299,5,40,45,0.89,0.11
8133377,26,430,456,0.94,0.06
8173732,10,133,143,0.93,0.07
8193368,53,1192,1245,0.96,0.04
8211404,6,65,71,0.92,0.08
8225458,,2,2,1.00,0.00
8246075,9,234,243,0.96,0.04
8265544,49,1009,1058,0.95,0.05
8266788,11,59,70,0.84,0.16
8304698,67,1078,1145,0.94,0.06
8310318,1,14,15,0.93,0.07
8362668,114,1350,1464,0.92,0.08
8366456,6,187,193,0.97,0.03
8403131,11,180,191,0.94,0.06
8427121,25,276,301,0.92,0.08
8443279,8,219,227,0.96,0.04
8505396,27,310,337,0.92,0.08
8576671,50,769,819,0.94,0.06
8624659,74,821,895,0.92,0.08
8634354,27,971,998,0.97,0.03
8656299,78,842,920,0.92,0.08
8664712,39,599,638,0.94,0.06
8672247,42,896,938,0.96,0.04
8721288,43,514,557,0.92,0.08
8782463,104,1191,1295,0.92,0.08
8799413,82,1335,1417,0.94,0.06
8841337,37,836,873,0.96,0.04
8895397,9,275,284,0.97,0.03
9022608,123,1203,1326,0.91,0.09
9062255,59,1431,1490,0.96,0.04
9173401,24,642,666,0.96,0.04
9182448,14,270,284,0.95,0.05
9243493,1,13,14,0.93,0.07
9254177,12,103,115,0.90,0.10
9282426,38,468,506,0.92,0.08
9344195,6,107,113,0.95,0.05
9406902,7,102,109,0.94,0.06
9442229,92,1408,1500,0.94,0.06
9476164,25,622,647,0.96,0.04
9531839,57,646,703,0.92,0.08
9562953,,30,30,1.00,0.00
9661460,22,175,197,0.89,0.11
9716129,7,126,133,0.95,0.05
9794899,9,176,185,0.95,0.05
9826677,50,662,712,0.93,0.07
9884274,25,417,442,0.94,0.06
9906491,6,73,79,0.92,0.08
9944111,93,439,532,0.83,0.17
10085566,4,36,40,0.90,0.10
10089256,35,377,412,0.92,0.08
10140699,32,325,357,0.91,0.09
10232448,51,1144,1195,0.96,0.04
10263107,5,34,39,0.87,0.13
10289755,47,574,621,0.92,0.08
10307715,,4,4,1.00,0.00
10335139,3,141,144,0.98,0.02
10360188,32,901,933,0.97,0.03
10464357,5,35,40,0.88,0.13
10524188,8,229,237,0.97,0.03
10524253,2,24,26,0.92,0.08
10545839,23,457,480,0.95,0.05
10632884,91,973,1064,0.91,0.09
10635789,38,401,439,0.91,0.09
10674355,84,935,1019,0.92,0.08
10684883,32,535,567,0.94,0.06
10785231,17,56,73,0.77,0.23
10853381,4,61,65,0.94,0.06
10884543,37,836,873,0.96,0.04
10900676,38,697,735,0.95,0.05
10901464,6,42,48,0.88,0.13
10909034,,19,19,1.00,0.00
10991982,17,293,310,0.95,0.05
11182596,15,156,171,0.91,0.09
11208688,3,70,73,0.96,0.04
11242744,16,339,355,0.95,0.05
11259371,232,793,1025,0.77,0.23
11283225,61,495,556,0.89,0.11
11291801,5,62,67,0.93,0.07
11388248,90,692,782,0.88,0.12
11421709,62,719,781,0.92,0.08
11440752,51,624,675,0.92,0.08
11483381,48,331,379,0.87,0.13
11489172,14,288,302,0.95,0.05
11510567,14,369,383,0.96,0.04
11553531,16,278,294,0.95,0.05
11586894,11,169,180,0.94,0.06
11609580,35,769,804,0.96,0.04
11618840,14,227,241,0.94,0.06
11686204,14,571,585,0.98,0.02
11701027,50,905,955,0.95,0.05
11709950,69,491,560,0.88,0.12
11738931,16,316,332,0.95,0.05
11811039,66,579,645,0.90,0.10
11839089,27,287,314,0.91,0.09
11842218,36,615,651,0.94,0.06
11925721,26,469,495,0.95,0.05
11938223,4,122,126,0.97,0.03
11946709,21,192,213,0.90,0.10
11947108,31,666,697,0.96,0.04
11962915,5,18,23,0.78,0.22
12068190,35,673,708,0.95,0.05
12105828,5,27,32,0.84,0.16
12107874,86,730,816,0.89,0.11
12144656,21,505,526,0.96,0.04
12186372,108,1451,1559,0.93,0.07
12188215,30,362,392,0.92,0.08
12189623,4,126,130,0.97,0.03
12222050,34,492,526,0.94,0.06
12229453,47,498,545,0.91,0.09
12251952,43,349,392,0.89,0.11
12266103,3,73,76,0.96,0.04
12281167,32,579,611,0.95,0.05
12286328,23,204,227,0.90,0.10
12290379,33,441,474,0.93,0.07
12310425,40,246,286,0.86,0.14
12363894,50,607,657,0.92,0.08
12377575,14,257,271,0.95,0.05
12400514,74,1300,1374,0.95,0.05
12401202,18,118,136,0.87,0.13
12425483,42,332,374,0.89,0.11
12433546,40,675,715,0.94,0.06
12470763,6,85,91,0.93,0.07
12543684,69,1092,1161,0.94,0.06
12587092,3,41,44,0.93,0.07
12599311,103,1416,1519,0.93,0.07
12600829,56,736,792,0.93,0.07
12600850,87,1126,1213,0.93,0.07
12615474,28,258,286,0.90,0.10
12685614,4,113,117,0.97,0.03
12761982,41,156,197,0.79,0.21
12763722,202,1282,1484,0.86,0.14
12782770,34,343,377,0.91,0.09
12809255,15,391,406,0.96,0.04
12810440,34,487,521,0.93,0.07
12824241,15,240,255,0.94,0.06
12834984,46,518,564,0.92,0.08
12835184,55,425,480,0.89,0.11
12848084,30,541,571,0.95,0.05
12871394,51,545,596,0.91,0.09
12918380,41,586,627,0.93,0.07
12925044,13,310,323,0.96,0.04
12944995,54,592,646,0.92,0.08
12965736,72,1575,1647,0.96,0.04
12970301,43,522,565,0.92,0.08
12989718,20,169,189,0.89,0.11
13010670,14,119,133,0.89,0.11
13017092,27,594,621,0.96,0.04
13027063,6,210,216,0.97,0.03
13044640,10,45,55,0.82,0.18
13093505,65,887,952,0.93,0.07
13093999,11,284,295,0.96,0.04
13112074,23,411,434,0.95,0.05
13113051,36,533,569,0.94,0.06
13122771,5,45,50,0.90,0.10
13136198,49,852,901,0.95,0.05
13149407,20,464,484,0.96,0.04
13180224,31,405,436,0.93,0.07
13186091,11,257,268,0.96,0.04
13206560,156,1113,1269,0.88,0.12
13209712,81,744,825,0.90,0.10
13216889,16,262,278,0.94,0.06
13224612,5,110,115,0.96,0.04
13225039,4,70,74,0.95,0.05
13231021,10,187,197,0.95,0.05
13234214,,6,6,1.00,0.00
13236835,5,130,135,0.96,0.04
13251709,45,637,682,0.93,0.07
13258472,143,1139,1282,0.89,0.11
13260302,35,530,565,0.94,0.06
13274313,21,556,577,0.96,0.04
13279595,28,559,587,0.95,0.05
13312601,16,358,374,0.96,0.04
13326253,29,505,534,0.95,0.05
13333422,10,324,334,0.97,0.03
13340576,26,486,512,0.95,0.05
13345957,9,317,326,0.97,0.03
13348419,28,293,321,0.91,0.09
13355384,68,473,541,0.87,0.13
13359588,8,329,337,0.98,0.02
13373427,53,644,697,0.92,0.08
13386987,70,353,423,0.83,0.17
13388627,32,162,194,0.84,0.16
13426466,13,145,158,0.92,0.08
13429035,14,74,88,0.84,0.16
13452018,23,329,352,0.93,0.07
13479400,12,189,201,0.94,0.06
13514183,40,193,233,0.83,0.17
13524286,27,138,165,0.84,0.16
13533084,3,74,77,0.96,0.04
13556933,30,669,699,0.96,0.04
13582513,71,470,541,0.87,0.13
13648659,115,1203,1318,0.91,0.09
13674901,31,585,616,0.95,0.05
13700790,29,820,849,0.97,0.03
13706838,3,61,64,0.95,0.05
13716891,82,1002,1084,0.92,0.08
13725727,4,267,271,0.99,0.01
13744589,54,595,649,0.92,0.08
13765762,93,434,527,0.82,0.18
13779774,3,68,71,0.96,0.04
13799325,10,55,65,0.85,0.15
13815203,12,158,170,0.93,0.07
13819278,26,361,387,0.93,0.07
13877850,76,534,610,0.88,0.12
13879892,35,497,532,0.93,0.07
13893832,1,14,15,0.93,0.07
13900600,5,43,48,0.90,0.10
13901952,10,69,79,0.87,0.13
13924999,15,138,153,0.90,0.10
13942925,38,532,570,0.93,0.07
13974448,21,507,528,0.96,0.04
14044072,,38,38,1.00,0.00
14076438,5,175,180,0.97,0.03
14084772,2,13,15,0.87,0.13
14102422,3,85,88,0.97,0.03
14110641,7,120,127,0.94,0.06
14122794,7,91,98,0.93,0.07
14125023,,2,2,1.00,0.00
14167740,1,20,21,0.95,0.05
14168464,53,799,852,0.94,0.06
14168714,13,134,147,0.91,0.09
14184893,29,412,441,0.93,0.07
14186791,16,193,209,0.92,0.08
14203513,47,559,606,0.92,0.08
14236639,8,55,63,0.87,0.13
14252155,,4,4,1.00,0.00
14252379,9,56,65,0.86,0.14
14252454,2,24,26,0.92,0.08
14266066,2,8,10,0.80,0.20
14295265,15,665,680,0.98,0.02
14334104,17,463,480,0.96,0.04
14352724,65,1050,1115,0.94,0.06
14355288,4,27,31,0.87,0.13
14357005,96,897,993,0.90,0.10
14430828,19,527,546,0.97,0.03
14440002,110,375,485,0.77,0.23
14442508,43,461,504,0.91,0.09
14466206,5,226,231,0.98,0.02
14466985,79,657,736,0.89,0.11
14499003,22,256,278,0.92,0.08
14514191,,16,16,1.00,0.00
14522467,20,504,524,0.96,0.04
14523242,21,179,200,0.90,0.11
14547745,33,508,541,0.94,0.06
14555658,17,124,141,0.88,0.12
14561813,12,352,364,0.97,0.03
14603190,18,353,371,0.95,0.05
14632829,23,308,331,0.93,0.07
14649826,84,949,1033,0.92,0.08
14652591,34,342,376,0.91,0.09
14715823,21,492,513,0.96,0.04
14731119,14,346,360,0.96,0.04
14731928,76,871,947,0.92,0.08
14738243,43,629,672,0.94,0.06
14751215,33,681,714,0.95,0.05
14757919,22,593,615,0.96,0.04
14782142,4,104,108,0.96,0.04
14787424,26,622,648,0.96,0.04
14803947,2,46,48,0.96,0.04
14805266,50,878,928,0.95,0.05
14808434,7,173,180,0.96,0.04
14824135,21,348,369,0.94,0.06
14826403,17,363,380,0.96,0.04
14832058,4,82,86,0.95,0.05
14835813,31,410,441,0.93,0.07
14841361,14,140,154,0.91,0.09
14857013,54,695,749,0.93,0.07
14899945,3,85,88,0.97,0.03
14900960,41,417,458,0.91,0.09
14934441,39,698,737,0.95,0.05
14941161,42,376,418,0.90,0.10
14963589,44,799,843,0.95,0.05
14976451,3,158,161,0.98,0.02
15009504,61,861,922,0.93,0.07
15009920,1,36,37,0.97,0.03
15016101,15,264,279,0.95,0.05
15055380,46,455,501,0.91,0.09
15091721,119,516,635,0.81,0.19
15091813,31,653,684,0.95,0.05
15124397,70,1073,1143,0.94,0.06
15132769,22,414,436,0.95,0.05
15158878,34,680,714,0.95,0.05
15174633,17,87,104,0.84,0.16
15192947,44,489,533,0.92,0.08
15194828,29,366,395,0.93,0.07
15229458,,4,4,1.00,0.00
15230720,38,865,903,0.96,0.04
15231248,52,524,576,0.91,0.09
15248786,16,170,186,0.91,0.09
15268297,24,265,289,0.92,0.08
15271420,86,679,765,0.89,0.11
15297764,39,620,659,0.94,0.06
15321136,33,204,237,0.86,0.14
15327549,3,88,91,0.97,0.03
15336786,25,306,331,0.92,0.08
15339276,45,792,837,0.95,0.05
15343687,22,653,675,0.97,0.03
15345095,42,949,991,0.96,0.04
15351409,43,254,297,0.86,0.14
15354741,5,59,64,0.92,0.08
15355010,8,187,195,0.96,0.04
15371871,25,828,853,0.97,0.03
15419328,1,45,46,0.98,0.02
15422307,54,968,1022,0.95,0.05
15437202,17,289,306,0.94,0.06
15444450,8,119,127,0.94,0.06
15462269,8,65,73,0.89,0.11
15467289,14,205,219,0.94,0.06
15475292,73,1184,1257,0.94,0.06
15476300,13,83,96,0.86,0.14
15481467,55,949,1004,0.95,0.05
15506149,65,489,554,0.88,0.12
15507809,23,204,227,0.90,0.10
15510852,90,317,407,0.78,0.22
15516714,4,129,133,0.97,0.03
15530268,60,1005,1065,0.94,0.06
15544670,,1,1,1.00,0.00
15546661,49,688,737,0.93,0.07
15547377,44,698,742,0.94,0.06
15565423,3,55,58,0.95,0.05
15568000,71,310,381,0.81,0.19
15577790,3,76,79,0.96,0.04
15579134,27,445,472,0.94,0.06
15647883,60,790,850,0.93,0.07
15653105,5,58,63,0.92,0.08
15664695,56,874,930,0.94,0.06
15685101,43,669,712,0.94,0.06
15701324,26,610,636,0.96,0.04
15706129,34,599,633,0.95,0.05
15718256,168,791,959,0.82,0.18
15728861,16,268,284,0.94,0.06
15757654,11,125,136,0.92,0.08
15780601,28,312,340,0.92,0.08
15788106,17,265,282,0.94,0.06
15805048,15,142,157,0.90,0.10
15806748,39,394,433,0.91,0.09
15817222,37,423,460,0.92,0.08
15827350,18,474,492,0.96,0.04
15830900,16,179,195,0.92,0.08
15843857,15,365,380,0.96,0.04
15867765,66,1162,1228,0.95,0.05
15868200,34,1244,1278,0.97,0.03
15880423,33,412,445,0.93,0.07
15922343,,1,1,1.00,0.00
15929513,10,155,165,0.94,0.06
15936945,2,10,12,0.83,0.17
15995355,29,512,541,0.95,0.05
16003488,26,149,175,0.85,0.15
16024372,35,957,992,0.96,0.04
16029611,20,141,161,0.88,0.12
16037508,5,63,68,0.93,0.07
16046793,16,397,413,0.96,0.04
16060869,23,437,460,0.95,0.05
16147877,17,664,681,0.98,0.02
16155218,18,235,253,0.93,0.07
16185806,38,280,318,0.88,0.12
16186167,24,210,234,0.90,0.10
16203903,49,646,695,0.93,0.07
16211914,38,607,645,0.94,0.06
16267469,,87,87,1.00,0.00
16267550,24,224,248,0.90,0.10
16284468,51,330,381,0.87,0.13
16294435,14,229,243,0.94,0.06
16350883,96,769,865,0.89,0.11
16378928,14,137,151,0.91,0.09
16384751,24,331,355,0.93,0.07
16446590,30,276,306,0.90,0.10
16451105,2,112,114,0.98,0.02
16476358,67,896,963,0.93,0.07
16477857,49,614,663,0.93,0.07
16490888,13,89,102,0.87,0.13
16505517,1,16,17,0.94,0.06
16506906,68,789,857,0.92,0.08
16512718,4,187,191,0.98,0.02
16532936,11,134,145,0.92,0.08
16533200,99,424,523,0.81,0.19
16559799,34,383,417,0.92,0.08
16566334,44,772,816,0.95,0.05
16566932,30,428,458,0.93,0.07
16583758,15,148,163,0.91,0.09
16587446,90,669,759,0.88,0.12
16603497,60,571,631,0.90,0.10
16603859,36,326,362,0.90,0.10
16627563,9,324,333,0.97,0.03
16636978,13,137,150,0.91,0.09
16652322,49,359,408,0.88,0.12
16660917,13,126,139,0.91,0.09
16670320,10,55,65,0.85,0.15
16733596,44,1422,1466,0.97,0.03
16740685,12,332,344,0.97,0.03
16742264,30,401,431,0.93,0.07
16774726,36,761,797,0.95,0.05
16810083,47,1382,1429,0.97,0.03
16826141,7,106,113,0.94,0.06
16832848,11,202,213,0.95,0.05
16846899,37,501,538,0.93,0.07
16879450,23,204,227,0.90,0.10
16937948,7,95,102,0.93,0.07
16937957,5,45,50,0.90,0.10
16937982,2,18,20,0.90,0.10
16937995,15,121,136,0.89,0.11
16937997,17,181,198,0.91,0.09
16938004,,4,4,1.00,0.00
16977918,82,758,840,0.90,0.10
17036413,4,88,92,0.96,0.04
17039544,,8,8,1.00,0.00
17095670,33,242,275,0.88,0.12
17116810,31,384,415,0.93,0.07
17124352,8,288,296,0.97,0.03
17140023,10,273,283,0.96,0.04
17155164,79,890,969,0.92,0.08
17157429,29,584,613,0.95,0.05
17206606,21,160,181,0.88,0.12
17240001,6,59,65,0.91,0.09
17251841,2,98,100,0.98,0.02
17310280,68,829,897,0.92,0.08
17345566,5,30,35,0.86,0.14
17364637,49,935,984,0.95,0.05
17364692,68,794,862,0.92,0.08
17395670,25,594,619,0.96,0.04
17403585,45,346,391,0.88,0.12
17416267,6,64,70,0.91,0.09
17446056,33,458,491,0.93,0.07
17464124,7,69,76,0.91,0.09
17476061,14,332,346,0.96,0.04
17494425,5,179,184,0.97,0.03
17552287,38,535,573,0.93,0.07
17587855,23,397,420,0.95,0.05
17591050,71,917,988,0.93,0.07
17602726,18,517,535,0.97,0.03
17606368,10,125,135,0.93,0.07
17606369,,36,36,1.00,0.00
17616823,4,134,138,0.97,0.03
17618702,30,441,471,0.94,0.06
17634705,31,666,697,0.96,0.04
17638575,9,163,172,0.95,0.05
17648416,9,233,242,0.96,0.04
17649947,28,597,625,0.96,0.04
17653835,34,424,458,0.93,0.07
17697321,19,576,595,0.97,0.03
17708120,35,604,639,0.95,0.05
17718592,22,346,368,0.94,0.06
17726977,12,307,319,0.96,0.04
17733146,39,397,436,0.91,0.09
17773135,49,764,813,0.94,0.06
17780854,15,268,283,0.95,0.05
17787933,8,362,370,0.98,0.02
17794306,74,752,826,0.91,0.09
17826503,60,1103,1163,0.95,0.05
17861930,90,336,426,0.79,0.21
17908639,3,69,72,0.96,0.04
17917678,25,470,495,0.95,0.05
17923086,7,43,50,0.86,0.14
17924964,11,158,169,0.93,0.07
17928351,1,52,53,0.98,0.02
17935396,36,476,512,0.93,0.07
17971183,3,10,13,0.77,0.23
17975156,32,639,671,0.95,0.05
18017043,67,695,762,0.91,0.09
18018230,42,669,711,0.94,0.06
18022683,31,659,690,0.96,0.04
18040182,17,405,422,0.96,0.04
18055958,4,53,57,0.93,0.07
18057215,3,38,41,0.93,0.07
18077196,6,114,120,0.95,0.05
18092896,45,671,716,0.94,0.06
18119864,,9,9,1.00,0.00
18121899,17,371,388,0.96,0.04
18122227,10,207,217,0.95,0.05
18151750,115,1562,1677,0.93,0.07
18153024,6,88,94,0.94,0.06
18178954,12,280,292,0.96,0.04
18179308,35,315,350,0.90,0.10
18264441,22,524,546,0.96,0.04
18305230,5,120,125,0.96,0.04
18308309,1,2,3,0.67,0.33
18308656,3,22,25,0.88,0.12
18308869,2,30,32,0.94,0.06
18308979,1,12,13,0.92,0.08
18309080,2,12,14,0.86,0.14
18322086,15,324,339,0.96,0.04
18326331,26,515,541,0.95,0.05
18343468,6,113,119,0.95,0.05
18374305,17,481,498,0.97,0.03
18375617,16,576,592,0.97,0.03
18385101,42,512,554,0.92,0.08
18389884,11,56,67,0.84,0.16
18393059,9,308,317,0.97,0.03
18395523,59,1066,1125,0.95,0.05
18404153,7,43,50,0.86,0.14
18405483,8,71,79,0.90,0.10
18406520,9,47,56,0.84,0.16
18422959,42,723,765,0.95,0.05
18431805,29,527,556,0.95,0.05
18432514,9,198,207,0.96,0.04
18466431,53,862,915,0.94,0.06
18471514,10,199,209,0.95,0.05
18472679,1,2,3,0.67,0.33
18473371,9,303,312,0.97,0.03
18487194,129,285,414,0.69,0.31
18502022,7,154,161,0.96,0.04
18510280,18,455,473,0.96,0.04
18521819,47,902,949,0.95,0.05
18525895,10,103,113,0.91,0.09
18566844,9,392,401,0.98,0.02
18592860,8,128,136,0.94,0.06
18599205,21,447,468,0.96,0.04
18616393,15,142,157,0.90,0.10
18627613,22,321,343,0.94,0.06
18716194,44,398,442,0.90,0.10
18731242,11,143,154,0.93,0.07
18751432,6,144,150,0.96,0.04
18753699,15,105,120,0.88,0.13
18754939,51,308,359,0.86,0.14
18776404,15,508,523,0.97,0.03
18784621,90,428,518,0.83,0.17
18825741,,1,1,1.00,0.00
18907430,19,402,421,0.95,0.05
18910863,81,415,496,0.84,0.16
18918238,48,843,891,0.95,0.05
18928361,16,45,61,0.74,0.26
18929549,31,506,537,0.94,0.06
18974593,12,282,294,0.96,0.04
18992152,3,55,58,0.95,0.05
19006372,34,590,624,0.95,0.05
19029460,27,456,483,0.94,0.06
19032051,32,739,771,0.96,0.04
19050500,27,478,505,0.95,0.05
19066373,25,184,209,0.88,0.12
19066512,1,29,30,0.97,0.03
19077911,4,20,24,0.83,0.17
19085821,,16,16,1.00,0.00
19101996,44,749,793,0.94,0.06
19110626,19,133,152,0.88,0.13
19118629,28,370,398,0.93,0.07
19120555,37,377,414,0.91,0.09
19121317,59,593,652,0.91,0.09
19129020,5,58,63,0.92,0.08
19137905,9,246,255,0.96,0.04
19227583,7,156,163,0.96,0.04
19229221,46,340,386,0.88,0.12
19262092,5,124,129,0.96,0.04
19264539,28,195,223,0.87,0.13
19270494,17,417,434,0.96,0.04
19307742,12,318,330,0.96,0.04
19326768,6,126,132,0.95,0.05
19340532,1,16,17,0.94,0.06
19381523,9,170,179,0.95,0.05
19387344,70,880,950,0.93,0.07
19388286,5,20,25,0.80,0.20
19406211,53,465,518,0.90,0.10
19409581,26,483,509,0.95,0.05
19412393,25,448,473,0.95,0.05
19415618,11,191,202,0.95,0.05
19453046,31,332,363,0.91,0.09
19490081,14,315,329,0.96,0.04
19529697,49,300,349,0.86,0.14
19531546,16,213,229,0.93,0.07
19548415,35,558,593,0.94,0.06
19561946,85,309,394,0.78,0.22
19608022,7,48,55,0.87,0.13
19609285,21,505,526,0.96,0.04
19610809,,46,46,1.00,0.00
19622621,20,278,298,0.93,0.07
19625971,3,51,54,0.94,0.06
19643402,31,370,401,0.92,0.08
19688771,23,569,592,0.96,0.04
19700502,12,289,301,0.96,0.04
19701203,,8,8,1.00,0.00
19716355,10,215,225,0.96,0.04
19719866,17,368,385,0.96,0.04
19733975,11,96,107,0.90,0.10
19742574,48,890,938,0.95,0.05
19744619,39,325,364,0.89,0.11
19761806,15,360,375,0.96,0.04
19785945,15,329,344,0.96,0.04
19787532,17,316,333,0.95,0.05
19790687,5,128,133,0.96,0.04
19809125,62,616,678,0.91,0.09
19811549,31,288,319,0.90,0.10
19824923,18,381,399,0.95,0.05
19844151,1,7,8,0.88,0.13
19858349,8,326,334,0.98,0.02
19864005,3,17,20,0.85,0.15
19870831,24,501,525,0.95,0.05
19874293,2,174,176,0.99,0.01
19912932,61,378,439,0.86,0.14
19921886,16,280,296,0.95,0.05
19952563,3,40,43,0.93,0.07
19959386,23,605,628,0.96,0.04
19965982,4,118,122,0.97,0.03
19970767,33,656,689,0.95,0.05
19982717,2,78,80,0.98,0.03
19992336,68,715,783,0.91,0.09
20008452,33,408,441,0.93,0.07
20014085,14,82,96,0.85,0.15
20016326,10,315,325,0.97,0.03
20026924,17,208,225,0.92,0.08
20036903,33,490,523,0.94,0.06
20069569,18,314,332,0.95,0.05
20070593,,27,27,1.00,0.00
20074883,19,297,316,0.94,0.06
20076292,,28,28,1.00,0.00
20089787,86,294,380,0.77,0.23
20091731,5,106,111,0.95,0.05
20121078,1,26,27,0.96,0.04
20131746,51,574,625,0.92,0.08
20146236,41,377,418,0.90,0.10
20148706,8,28,36,0.78,0.22
20153545,21,331,352,0.94,0.06
20153704,14,333,347,0.96,0.04
20154151,18,255,273,0.93,0.07
20174263,25,231,256,0.90,0.10
20174635,13,214,227,0.94,0.06
20192369,19,265,284,0.93,0.07
20208429,51,506,557,0.91,0.09
20231794,8,108,116,0.93,0.07
20241154,17,254,271,0.94,0.06
20268605,60,686,746,0.92,0.08
20281303,3,106,109,0.97,0.03
20294011,41,613,654,0.94,0.06
20309680,62,1012,1074,0.94,0.06
20319362,9,214,223,0.96,0.04
20327457,8,89,97,0.92,0.08
20328686,16,545,561,0.97,0.03
20355406,14,277,291,0.95,0.05
20362514,2,47,49,0.96,0.04
20375539,16,314,330,0.95,0.05
20389695,14,190,204,0.93,0.07
20395878,5,134,139,0.96,0.04
20408452,13,362,375,0.97,0.03
20423335,17,129,146,0.88,0.12
20435375,13,176,189,0.93,0.07
20439998,,4,4,1.00,0.00
20441967,11,265,276,0.96,0.04
20447857,29,222,251,0.88,0.12
20454654,35,490,525,0.93,0.07
20456656,31,856,887,0.97,0.03
20462071,25,235,260,0.90,0.10
20465164,1,16,17,0.94,0.06
20473937,9,80,89,0.90,0.10
20479622,,21,21,1.00,0.00
20482319,12,303,315,0.96,0.04
20504787,15,496,511,0.97,0.03
20515199,27,554,581,0.95,0.05
20517072,4,56,60,0.93,0.07
20524980,26,195,221,0.88,0.12
20527549,32,721,753,0.96,0.04
20570236,3,112,115,0.97,0.03
20572681,22,594,616,0.96,0.04
20583406,22,522,544,0.96,0.04
20604517,24,283,307,0.92,0.08
20623672,7,68,75,0.91,0.09
20624327,11,131,142,0.92,0.08
20624404,3,219,222,0.99,0.01
20638444,5,61,66,0.92,0.08
20653416,9,61,70,0.87,0.13
20663042,39,928,967,0.96,0.04
20665144,20,356,376,0.95,0.05
20692815,31,459,490,0.94,0.06
20694871,1,33,34,0.97,0.03
20695367,39,698,737,0.95,0.05
20697183,23,186,209,0.89,0.11
20697346,74,718,792,0.91,0.09
20701115,2,35,37,0.95,0.05
20728814,5,56,61,0.92,0.08
20744040,11,229,240,0.95,0.05
20744323,8,199,207,0.96,0.04
20747532,4,100,104,0.96,0.04
20759062,15,279,294,0.95,0.05
20760789,11,126,137,0.92,0.08
20762155,50,511,561,0.91,0.09
20774579,23,249,272,0.92,0.08
20779200,31,584,615,0.95,0.05
20785720,7,45,52,0.87,0.13
20799054,17,268,285,0.94,0.06
20800180,34,488,522,0.93,0.07
20801691,12,382,394,0.97,0.03
20801888,1,13,14,0.93,0.07
20804217,35,622,657,0.95,0.05
20804347,34,356,390,0.91,0.09
20815440,13,478,491,0.97,0.03
20830901,12,90,102,0.88,0.12
20831859,3,5,8,0.63,0.38
20834615,19,213,232,0.92,0.08
20842462,5,164,169,0.97,0.03
20850669,21,490,511,0.96,0.04
20855873,59,216,275,0.79,0.21
20857612,13,257,270,0.95,0.05
20858987,15,400,415,0.96,0.04
20862982,,6,6,1.00,0.00
20864500,33,66,99,0.67,0.33
20872849,1,20,21,0.95,0.05
20874926,30,625,655,0.95,0.05
20884134,24,303,327,0.93,0.07
20902234,13,251,264,0.95,0.05
20910666,10,205,215,0.95,0.05
20915728,5,23,28,0.82,0.18
20916381,53,449,502,0.89,0.11
20928043,39,400,439,0.91,0.09
20970417,18,487,505,0.96,0.04
20971049,13,236,249,0.95,0.05
20990995,46,730,776,0.94,0.06
20994069,8,184,192,0.96,0.04
20994289,36,456,492,0.93,0.07
21011400,14,321,335,0.96,0.04
21013638,38,446,484,0.92,0.08
21023689,27,379,406,0.93,0.07
21028610,6,63,69,0.91,0.09
21044913,26,241,267,0.90,0.10
21054722,20,318,338,0.94,0.06
21062956,5,91,96,0.95,0.05
21068851,50,872,922,0.95,0.05
21075013,15,260,275,0.95,0.05
21094481,24,281,305,0.92,0.08
21104844,22,312,334,0.93,0.07
21126148,12,416,428,0.97,0.03
21126289,36,247,283,0.87,0.13
21160267,1,27,28,0.96,0.04
21174524,6,216,222,0.97,0.03
21176027,35,695,730,0.95,0.05
21189890,10,57,67,0.85,0.15
21190372,89,671,760,0.88,0.12
21197685,1,42,43,0.98,0.02
21198391,95,697,792,0.88,0.12
21203344,37,614,651,0.94,0.06
21212588,46,1025,1071,0.96,0.04
21231387,62,523,585,0.89,0.11
21236709,54,407,461,0.88,0.12
21253016,20,331,351,0.94,0.06
21272098,9,144,153,0.94,0.06
21278647,9,259,268,0.97,0.03
21280708,51,153,204,0.75,0.25
21297231,53,284,337,0.84,0.16
21312568,37,727,764,0.95,0.05
21323611,9,181,190,0.95,0.05
21344729,,10,10,1.00,0.00
21345127,4,150,154,0.97,0.03
21354161,13,137,150,0.91,0.09
21356172,3,71,74,0.96,0.04
21364022,,3,3,1.00,0.00
21382558,8,292,300,0.97,0.03
21383423,4,173,177,0.98,0.02
21383822,59,405,464,0.87,0.13
21396505,,5,5,1.00,0.00
21399365,26,241,267,0.90,0.10
21414181,14,23,37,0.62,0.38
21437451,54,914,968,0.94,0.06
21449558,37,328,365,0.90,0.10
21456384,7,227,234,0.97,0.03
21461481,8,65,73,0.89,0.11
21486209,10,132,142,0.93,0.07
21502620,19,725,744,0.97,0.03
21544113,11,153,164,0.93,0.07
21561017,1,34,35,0.97,0.03
21579876,27,294,321,0.92,0.08
21580160,3,5,8,0.63,0.38
21591133,,26,26,1.00,0.00
21593865,3,77,80,0.96,0.04
21630768,2,40,42,0.95,0.05
21631995,43,626,669,0.94,0.06
21632570,11,204,215,0.95,0.05
21632900,11,184,195,0.94,0.06
21640556,31,574,605,0.95,0.05
21662716,11,90,101,0.89,0.11
21663911,4,50,54,0.93,0.07
21676833,,34,34,1.00,0.00
21682891,13,165,178,0.93,0.07
21683005,9,120,129,0.93,0.07
21693285,59,717,776,0.92,0.08
21709922,9,124,133,0.93,0.07
21713835,22,312,334,0.93,0.07
21733951,10,171,181,0.94,0.06
21747565,5,105,110,0.95,0.05
21748228,13,464,477,0.97,0.03
21783896,11,150,161,0.93,0.07
21784784,5,46,51,0.90,0.10
21787503,20,231,251,0.92,0.08
21798869,,5,5,1.00,0.00
21810294,6,134,140,0.96,0.04
21829016,19,229,248,0.92,0.08
21850640,42,583,625,0.93,0.07
21853043,8,238,246,0.97,0.03
21878681,39,299,338,0.88,0.12
21894298,6,70,76,0.92,0.08
21911184,29,281,310,0.91,0.09
21936688,11,236,247,0.96,0.04
21947972,50,1012,1062,0.95,0.05
21963653,2,75,77,0.97,0.03
21978697,9,100,109,0.92,0.08
22030235,9,132,141,0.94,0.06
22035029,14,400,414,0.97,0.03
22043194,1,74,75,0.99,0.01
22056421,14,37,51,0.73,0.27
22063379,35,1104,1139,0.97,0.03
22095619,51,172,223,0.77,0.23
22147548,4,138,142,0.97,0.03
22151438,10,430,440,0.98,0.02
22152480,20,299,319,0.94,0.06
22163415,19,218,237,0.92,0.08
22224397,10,327,337,0.97,0.03
22275691,12,317,329,0.96,0.04
22306380,24,186,210,0.89,0.11
22308959,56,379,435,0.87,0.13
22317485,32,313,345,0.91,0.09
22326909,,14,14,1.00,0.00
22351697,25,206,231,0.89,0.11
22360186,5,150,155,0.97,0.03
22408602,41,319,360,0.89,0.11
22411166,52,539,591,0.91,0.09
22437203,32,502,534,0.94,0.06
22437447,23,426,449,0.95,0.05
22449973,17,87,104,0.84,0.16
22452672,18,369,387,0.95,0.05
22455175,,1,1,1.00,0.00
22486185,28,761,789,0.96,0.04
22510926,7,61,68,0.90,0.10
22511514,27,736,763,0.96,0.04
22517744,25,380,405,0.94,0.06
22530746,12,219,231,0.95,0.05
22543222,4,70,74,0.95,0.05
22545170,1,39,40,0.98,0.03
22545374,17,439,456,0.96,0.04
22546209,1,21,22,0.95,0.05
22546650,6,38,44,0.86,0.14
22568931,12,270,282,0.96,0.04
22584773,20,327,347,0.94,0.06
22589049,,3,3,1.00,0.00
22594761,14,228,242,0.94,0.06
22597091,,15,15,1.00,0.00
22701770,11,270,281,0.96,0.04
22702396,9,325,334,0.97,0.03
22726943,11,354,365,0.97,0.03
22733038,6,21,27,0.78,0.22
22740737,9,255,264,0.97,0.03
22753749,24,245,269,0.91,0.09
22773505,33,659,692,0.95,0.05
22792399,26,319,345,0.92,0.08
22813165,30,407,437,0.93,0.07
22848580,27,285,312,0.91,0.09
22848760,9,236,245,0.96,0.04
22883329,8,269,277,0.97,0.03
22888921,15,215,230,0.93,0.07
22921667,57,529,586,0.90,0.10
22924150,21,265,286,0.93,0.07
22944749,6,222,228,0.97,0.03
22950161,15,355,370,0.96,0.04
22968354,35,590,625,0.94,0.06
22984192,20,371,391,0.95,0.05
22986709,47,262,309,0.85,0.15
22999982,7,214,221,0.97,0.03
23017092,22,202,224,0.90,0.10
23025024,2,54,56,0.96,0.04
23034313,11,302,313,0.96,0.04
23075703,23,359,382,0.94,0.06
23076921,10,380,390,0.97,0.03
23084647,2,42,44,0.95,0.05
23089106,,17,17,1.00,0.00
23109910,13,233,246,0.95,0.05
23150406,66,822,888,0.93,0.07
23216051,14,219,233,0.94,0.06
23234938,42,606,648,0.94,0.06
23254465,14,137,151,0.91,0.09
23254729,12,323,335,0.96,0.04
23259684,,24,24,1.00,0.00
23275671,5,148,153,0.97,0.03
23285263,22,186,208,0.89,0.11
23304811,,20,20,1.00,0.00
23315166,35,582,617,0.94,0.06
23335956,42,372,414,0.90,0.10
23342955,19,320,339,0.94,0.06
23343151,17,64,81,0.79,0.21
23370743,5,192,197,0.97,0.03
23393644,47,337,384,0.88,0.12
23412631,5,240,245,0.98,0.02
23419322,1,16,17,0.94,0.06
23430202,17,305,322,0.95,0.05
23435525,3,121,124,0.98,0.02
23437903,1,23,24,0.96,0.04
23441905,19,48,67,0.72,0.28
23451262,20,362,382,0.95,0.05
23453962,12,227,239,0.95,0.05
23459329,2,55,57,0.96,0.04
23462506,8,239,247,0.97,0.03
23467308,16,281,297,0.95,0.05
23478630,28,248,276,0.90,0.10
23480306,20,722,742,0.97,0.03
23481039,12,196,208,0.94,0.06
23496915,20,311,331,0.94,0.06
23498234,39,557,596,0.93,0.07
23500108,1,35,36,0.97,0.03
23501965,11,75,86,0.87,0.13
23516374,66,781,847,0.92,0.08
23518897,,8,8,1.00,0.00
23523473,51,702,753,0.93,0.07
23525377,3,105,108,0.97,0.03
23541284,,18,18,1.00,0.00
23546508,1,8,9,0.89,0.11
23558686,33,771,804,0.96,0.04
23560631,3,59,62,0.95,0.05
23562622,,16,16,1.00,0.00
23563574,18,103,121,0.85,0.15
23564110,17,276,293,0.94,0.06
23576862,,6,6,1.00,0.00
23578212,,1,1,1.00,0.00
23578731,48,325,373,0.87,0.13
23579032,,7,7,1.00,0.00
23596337,2,30,32,0.94,0.06
23596421,5,78,83,0.94,0.06
23619378,,4,4,1.00,0.00
23623536,11,218,229,0.95,0.05
23628366,10,146,156,0.94,0.06
23631557,4,120,124,0.97,0.03
23642577,26,238,264,0.90,0.10
23644478,13,171,184,0.93,0.07
23646431,5,130,135,0.96,0.04
23650921,2,68,70,0.97,0.03
23675467,43,543,586,0.93,0.07
23704230,2,40,42,0.95,0.05
23709305,18,272,290,0.94,0.06
23715234,7,187,194,0.96,0.04
23730997,9,74,83,0.89,0.11
23739741,14,511,525,0.97,0.03
23740885,,6,6,1.00,0.00
23745497,13,412,425,0.97,0.03
23748278,2,11,13,0.85,0.15
23748554,17,282,299,0.94,0.06
23748724,5,30,35,0.86,0.14
23748903,1,8,9,0.89,0.11
23748992,6,30,36,0.83,0.17
23749047,1,23,24,0.96,0.04
23771028,1,61,62,0.98,0.02
23788596,,5,5,1.00,0.00
23799929,,8,8,1.00,0.00
23804250,12,255,267,0.96,0.04
23824223,16,94,110,0.85,0.15
23856760,1,16,17,0.94,0.06
23856790,26,198,224,0.88,0.12
23859316,37,890,927,0.96,0.04
23859984,13,144,157,0.92,0.08
23874576,23,471,494,0.95,0.05
23877206,5,43,48,0.90,0.10
23881173,4,82,86,0.95,0.05
23910106,7,13,20,0.65,0.35
23913900,34,639,673,0.95,0.05
23918895,55,358,413,0.87,0.13
23919596,11,167,178,0.94,0.06
23921294,2,13,15,0.87,0.13
23935850,14,164,178,0.92,0.08
23978319,10,294,304,0.97,0.03
23992083,1,117,118,0.99,0.01
23998930,2,33,35,0.94,0.06
24056179,13,187,200,0.94,0.07
24080389,36,337,373,0.90,0.10
24098735,10,105,115,0.91,0.09
24117606,,9,9,1.00,0.00
24120346,63,509,572,0.89,0.11
24172247,8,274,282,0.97,0.03
24177903,20,319,339,0.94,0.06
24196245,8,81,89,0.91,0.09
24202030,17,269,286,0.94,0.06
24202205,10,155,165,0.94,0.06
24208478,5,155,160,0.97,0.03
24222452,6,49,55,0.89,0.11
24244390,13,138,151,0.91,0.09
24278792,2,83,85,0.98,0.02
24280176,13,235,248,0.95,0.05
24287936,1,72,73,0.99,0.01
24306486,29,608,637,0.95,0.05
24312963,25,82,107,0.77,0.23
24327916,8,110,118,0.93,0.07
24329922,15,305,320,0.95,0.05
24347730,13,302,315,0.96,0.04
24373135,3,66,69,0.96,0.04
24375145,17,218,235,0.93,0.07
24387676,4,63,67,0.94,0.06
24396068,42,444,486,0.91,0.09
24413175,11,195,206,0.95,0.05
24421260,28,357,385,0.93,0.07
24425345,,4,4,1.00,0.00
24428641,9,154,163,0.94,0.06
24445744,11,209,220,0.95,0.05
24476866,44,571,615,0.93,0.07
24493492,9,279,288,0.97,0.03
24512884,1,14,15,0.93,0.07
24520534,32,183,215,0.85,0.15
24540122,55,749,804,0.93,0.07
24557386,8,303,311,0.97,0.03
24594949,17,464,481,0.96,0.04
24605088,34,701,735,0.95,0.05
24656374,4,101,105,0.96,0.04
24678233,2,51,53,0.96,0.04
24697002,15,61,76,0.80,0.20
24711554,33,510,543,0.94,0.06
24752561,2,43,45,0.96,0.04
24766296,12,105,117,0.90,0.10
24797144,28,486,514,0.95,0.05
24817711,23,447,470,0.95,0.05
24828874,2,41,43,0.95,0.05
24834700,12,194,206,0.94,0.06
24851273,1,44,45,0.98,0.02
24852463,22,285,307,0.93,0.07
24872184,3,37,40,0.93,0.08
24873765,,8,8,1.00,0.00
24882481,3,33,36,0.92,0.08
24885757,7,113,120,0.94,0.06
24893602,5,131,136,0.96,0.04
24894370,15,362,377,0.96,0.04
24895844,2,115,117,0.98,0.02
24907910,4,70,74,0.95,0.05
24916446,25,308,333,0.92,0.08
24942698,21,184,205,0.90,0.10
24945996,15,360,375,0.96,0.04
24980055,9,208,217,0.96,0.04
24984793,5,122,127,0.96,0.04
25013010,27,208,235,0.89,0.11
25045172,5,172,177,0.97,0.03
25068792,25,322,347,0.93,0.07
25079309,,22,22,1.00,0.00
25109693,7,84,91,0.92,0.08
25111932,4,102,106,0.96,0.04
25124933,6,41,47,0.87,0.13
25128396,1,6,7,0.86,0.14
25132222,5,93,98,0.95,0.05
25135375,,19,19,1.00,0.00
25135803,20,229,249,0.92,0.08
25138871,13,78,91,0.86,0.14
25181137,22,249,271,0.92,0.08
25212461,7,228,235,0.97,0.03
25236572,2,46,48,0.96,0.04
25251626,25,466,491,0.95,0.05
25281090,1,1,2,0.50,0.50
25286041,13,219,232,0.94,0.06
25288773,5,77,82,0.94,0.06
25309332,6,28,34,0.82,0.18
25322676,25,288,313,0.92,0.08
25337854,2,12,14,0.86,0.14
25366645,16,171,187,0.91,0.09
25398902,25,211,236,0.89,0.11
25406163,20,275,295,0.93,0.07
25417416,3,38,41,0.93,0.07
25418819,30,398,428,0.93,0.07
25422541,12,183,195,0.94,0.06
25459484,15,144,159,0.91,0.09
25471043,22,477,499,0.96,0.04
25474000,3,37,40,0.93,0.08
25479162,16,224,240,0.93,0.07
25518066,22,246,268,0.92,0.08
25519478,21,188,209,0.90,0.10
25519626,17,177,194,0.91,0.09
25574558,3,149,152,0.98,0.02
25577370,10,197,207,0.95,0.05
25678742,12,294,306,0.96,0.04
25679471,13,171,184,0.93,0.07
25718935,4,164,168,0.98,0.02
25722075,18,199,217,0.92,0.08
25762439,5,263,268,0.98,0.02
25882810,25,387,412,0.94,0.06
25883256,25,247,272,0.91,0.09
25892881,4,38,42,0.90,0.10
25919767,1,11,12,0.92,0.08
25936206,,30,30,1.00,0.00
25948248,90,316,406,0.78,0.22
25977047,,12,12,1.00,0.00
25979505,23,183,206,0.89,0.11
26012053,24,330,354,0.93,0.07
26028858,6,150,156,0.96,0.04
26038824,26,339,365,0.93,0.07
26083193,14,122,136,0.90,0.10
26084631,11,123,134,0.92,0.08
26093158,21,177,198,0.89,0.11
26098132,23,208,231,0.90,0.10
26103338,13,171,184,0.93,0.07
26128699,33,355,388,0.91,0.09
26129371,4,200,204,0.98,0.02
26130128,18,332,350,0.95,0.05
26160335,5,34,39,0.87,0.13
26163788,25,145,170,0.85,0.15
26190390,33,674,707,0.95,0.05
26212041,3,29,32,0.91,0.09
26253207,6,223,229,0.97,0.03
26255924,21,295,316,0.93,0.07
26260868,4,234,238,0.98,0.02
26276337,25,324,349,0.93,0.07
26281901,29,213,242,0.88,0.12
26284618,21,332,353,0.94,0.06
26298501,8,32,40,0.80,0.20
26305653,10,173,183,0.95,0.05
26335600,8,166,174,0.95,0.05
26339145,11,130,141,0.92,0.08
26352170,3,37,40,0.93,0.08
26352897,24,289,313,0.92,0.08
26356137,12,313,325,0.96,0.04
26357716,18,421,439,0.96,0.04
26368923,15,57,72,0.79,0.21
26391300,6,138,144,0.96,0.04
26397880,18,162,180,0.90,0.10
26398312,21,133,154,0.86,0.14
26410860,11,138,149,0.93,0.07
26454939,2,130,132,0.98,0.02
26528680,7,110,117,0.94,0.06
26595874,12,106,118,0.90,0.10
26634224,8,25,33,0.76,0.24
26639631,12,249,261,0.95,0.05
26658565,16,320,336,0.95,0.05
26659046,6,151,157,0.96,0.04
26665141,,15,15,1.00,0.00
26690388,7,245,252,0.97,0.03
26718894,14,238,252,0.94,0.06
26721327,10,92,102,0.90,0.10
26735499,6,180,186,0.97,0.03
26740506,9,182,191,0.95,0.05
26753930,23,639,662,0.97,0.03
26771791,23,284,307,0.93,0.07
26802744,11,273,284,0.96,0.04
26829259,4,136,140,0.97,0.03
26872561,8,305,313,0.97,0.03
26891591,10,150,160,0.94,0.06
26910515,14,484,498,0.97,0.03
26924271,7,268,275,0.97,0.03
26925544,7,187,194,0.96,0.04
26954553,11,300,311,0.96,0.04
26973463,16,430,446,0.96,0.04
27011341,5,133,138,0.96,0.04
27051166,9,131,140,0.94,0.06
27059536,12,96,108,0.89,0.11
27078522,15,330,345,0.96,0.04
27086469,18,139,157,0.89,0.11
27108241,13,214,227,0.94,0.06
27123967,13,188,201,0.94,0.06
27132022,5,159,164,0.97,0.03
27156940,22,534,556,0.96,0.04
27225252,8,100,108,0.93,0.07
27232257,1,8,9,0.89,0.11
27233149,7,68,75,0.91,0.09
27250576,8,349,357,0.98,0.02
27289254,10,164,174,0.94,0.06
27306911,32,308,340,0.91,0.09
27335298,12,151,163,0.93,0.07
27337463,15,248,263,0.94,0.06
27339221,9,162,171,0.95,0.05
27340168,5,109,114,0.96,0.04
27392504,1,5,6,0.83,0.17
27461996,18,375,393,0.95,0.05
27466554,13,371,384,0.97,0.03
27486807,6,102,108,0.94,0.06
27503824,,24,24,1.00,0.00
27538204,19,223,242,0.92,0.08
27548960,,145,145,1.00,0.00
27562061,6,14,20,0.70,0.30
27566298,28,349,377,0.93,0.07
27583238,2,101,103,0.98,0.02
27625446,11,68,79,0.86,0.14
27645716,6,121,127,0.95,0.05
27675156,1,,1,0.00,1.00
27689813,4,147,151,0.97,0.03
27690175,17,346,363,0.95,0.05
27699328,,4,4,1.00,0.00
27723015,,7,7,1.00,0.00
27759123,24,542,566,0.96,0.04
27770787,2,1,3,0.33,0.67
27779063,,3,3,1.00,0.00
27827166,,10,10,1.00,0.00
27853519,17,362,379,0.96,0.04
27871087,7,234,241,0.97,0.03
27903380,8,85,93,0.91,0.09
27903998,18,256,274,0.93,0.07
27906707,3,95,98,0.97,0.03
27927441,20,182,202,0.90,0.10
27931927,9,250,259,0.97,0.03
27933308,5,114,119,0.96,0.04
27933446,,6,6,1.00,0.00
27977831,8,276,284,0.97,0.03
28001246,6,105,111,0.95,0.05
28001503,2,113,115,0.98,0.02
28002475,1,4,5,0.80,0.20
28003776,6,119,125,0.95,0.05
28022558,4,46,50,0.92,0.08
28029833,1,51,52,0.98,0.02
28042422,15,265,280,0.95,0.05
28053434,2,64,66,0.97,0.03
28053639,13,114,127,0.90,0.10
28072155,3,13,16,0.81,0.19
28097447,26,576,602,0.96,0.04
28109091,4,253,257,0.98,0.02
28127559,9,383,392,0.98,0.02
28133323,11,96,107,0.90,0.10
28142713,8,203,211,0.96,0.04
28148160,5,133,138,0.96,0.04
28149961,5,73,78,0.94,0.06
28156491,5,53,58,0.91,0.09
28160806,,69,69,1.00,0.00
28172948,19,304,323,0.94,0.06
28184369,,8,8,1.00,0.00
28199025,44,421,465,0.91,0.09
28202866,10,113,123,0.92,0.08
28210988,2,67,69,0.97,0.03
28212289,9,103,112,0.92,0.08
28216632,9,121,130,0.93,0.07
28216747,12,223,235,0.95,0.05
28245965,6,21,27,0.78,0.22
28281182,9,221,230,0.96,0.04
28286510,24,227,251,0.90,0.10
28289096,15,349,364,0.96,0.04
28308701,11,68,79,0.86,0.14
28319643,3,27,30,0.90,0.10
28331348,5,59,64,0.92,0.08
28335156,,7,7,1.00,0.00
28369196,5,50,55,0.91,0.09
28385457,16,130,146,0.89,0.11
28411241,,4,4,1.00,0.00
28426037,31,192,223,0.86,0.14
28431354,3,9,12,0.75,0.25
28432651,1,24,25,0.96,0.04
28438011,15,180,195,0.92,0.08
28453860,3,37,40,0.93,0.08
28465150,5,26,31,0.84,0.16
28466957,26,346,372,0.93,0.07
28467897,3,119,122,0.98,0.02
28478646,,2,2,1.00,0.00
28481477,5,98,103,0.95,0.05
28491562,11,30,41,0.73,0.27
28537358,4,61,65,0.94,0.06
28544931,7,73,80,0.91,0.09
28556282,12,312,324,0.96,0.04
28582577,21,438,459,0.95,0.05
28583038,18,227,245,0.93,0.07
28584499,2,25,27,0.93,0.07
28607789,1,24,25,0.96,0.04
28608801,9,176,185,0.95,0.05
28610923,10,202,212,0.95,0.05
28665091,14,128,142,0.90,0.10
28674119,4,26,30,0.87,0.13
28712523,3,146,149,0.98,0.02
28719799,3,85,88,0.97,0.03
28720353,6,84,90,0.93,0.07
28758757,3,89,92,0.97,0.03
28777663,4,70,74,0.95,0.05
28785469,7,130,137,0.95,0.05
28804277,14,143,157,0.91,0.09
28810359,,10,10,1.00,0.00
28838800,10,187,197,0.95,0.05
28865830,5,75,80,0.94,0.06
28871245,5,92,97,0.95,0.05
28882986,17,318,335,0.95,0.05
28915376,1,19,20,0.95,0.05
28916114,1,25,26,0.96,0.04
28927010,8,140,148,0.95,0.05
28942385,19,131,150,0.87,0.13
28952959,2,39,41,0.95,0.05
28960407,5,179,184,0.97,0.03
28986868,20,145,165,0.88,0.12
29003338,5,179,184,0.97,0.03
29026930,16,383,399,0.96,0.04
29033893,5,134,139,0.96,0.04
29052301,8,185,193,0.96,0.04
29071034,8,206,214,0.96,0.04
29073142,3,194,197,0.98,0.02
29076665,8,116,124,0.94,0.06
29098489,9,145,154,0.94,0.06
29102553,2,160,162,0.99,0.01
29125407,17,699,716,0.98,0.02
29148062,24,192,216,0.89,0.11
29180843,5,129,134,0.96,0.04
29187033,3,23,26,0.88,0.12
29187153,,14,14,1.00,0.00
29187202,8,21,29,0.72,0.28
29187255,1,10,11,0.91,0.09
29204619,25,591,616,0.96,0.04
29208295,13,338,351,0.96,0.04
29210382,16,204,220,0.93,0.07
29213270,,6,6,1.00,0.00
29214157,1,31,32,0.97,0.03
29228806,1,49,50,0.98,0.02
29231942,2,13,15,0.87,0.13
29232809,2,104,106,0.98,0.02
29234943,14,340,354,0.96,0.04
29251970,9,148,157,0.94,0.06
29301481,,4,4,1.00,0.00
29334580,1,73,74,0.99,0.01
29340133,22,209,231,0.90,0.10
29358894,,2,2,1.00,0.00
29359265,1,66,67,0.99,0.01
29415555,39,357,396,0.90,0.10
29482441,,6,6,1.00,0.00
29482634,2,2,4,0.50,0.50
29484383,1,27,28,0.96,0.04
29488398,28,260,288,0.90,0.10
29490603,8,99,107,0.93,0.07
29491343,5,89,94,0.95,0.05
29510985,1,12,13,0.92,0.08
29519394,3,10,13,0.77,0.23
29535877,10,162,172,0.94,0.06
29587963,10,192,202,0.95,0.05
29634104,2,41,43,0.95,0.05
29647115,,21,21,1.00,0.00
29652238,,3,3,1.00,0.00
29657252,45,291,336,0.87,0.13
29657686,,25,25,1.00,0.00
29659193,12,181,193,0.94,0.06
29663310,1,9,10,0.90,0.10
29674621,21,247,268,0.92,0.08
29680084,7,102,109,0.94,0.06
29731425,2,37,39,0.95,0.05
29732553,18,188,206,0.91,0.09
29754604,11,68,79,0.86,0.14
29791163,,19,19,1.00,0.00
29793507,6,79,85,0.93,0.07
29845843,4,42,46,0.91,0.09
29852630,,7,7,1.00,0.00
29852695,5,29,34,0.85,0.15
29871451,24,165,189,0.87,0.13
29885976,17,132,149,0.89,0.11
29886393,24,147,171,0.86,0.14
29895223,,42,42,1.00,0.00
29902436,13,429,442,0.97,0.03
29928828,17,229,246,0.93,0.07
30008468,,11,11,1.00,0.00
30020759,16,340,356,0.96,0.04
30037833,1,12,13,0.92,0.08
30043315,31,262,293,0.89,0.11
30050870,15,260,275,0.95,0.05
30067056,5,38,43,0.88,0.12
30067870,10,89,99,0.90,0.10
30069015,20,281,301,0.93,0.07
30085585,14,209,223,0.94,0.06
30100770,2,30,32,0.94,0.06
30103018,9,64,73,0.88,0.12
30126158,5,141,146,0.97,0.03
30174581,1,20,21,0.95,0.05
30183789,6,132,138,0.96,0.04
30190561,5,77,82,0.94,0.06
30200015,,39,39,1.00,0.00
30247995,8,167,175,0.95,0.05
30255195,23,183,206,0.89,0.11
30317989,8,220,228,0.96,0.04
30323583,,3,3,1.00,0.00
30336545,15,43,58,0.74,0.26
30340307,6,131,137,0.96,0.04
30427496,18,150,168,0.89,0.11
30467126,4,150,154,0.97,0.03
30468056,4,72,76,0.95,0.05
30509573,8,250,258,0.97,0.03
30528834,15,68,83,0.82,0.18
30530457,2,63,65,0.97,0.03
30558665,,12,12,1.00,0.00
30565966,5,80,85,0.94,0.06
30654481,4,93,97,0.96,0.04
30686620,25,333,358,0.93,0.07
30726583,17,331,348,0.95,0.05
30746553,9,177,186,0.95,0.05
30759813,4,67,71,0.94,0.06
30766159,1,10,11,0.91,0.09
30853857,3,162,165,0.98,0.02
30908285,4,31,35,0.89,0.11
30913262,3,169,172,0.98,0.02
30914894,8,141,149,0.95,0.05
30930892,,8,8,1.00,0.00
30984319,20,221,241,0.92,0.08
30998167,4,17,21,0.81,0.19
31016930,4,189,193,0.98,0.02
31018757,15,167,182,0.92,0.08
31054515,15,435,450,0.97,0.03
31071936,4,66,70,0.94,0.06
31072759,1,81,82,0.99,0.01
31087353,32,189,221,0.86,0.14
31089456,2,30,32,0.94,0.06
31125860,2,40,42,0.95,0.05
31142872,12,218,230,0.95,0.05
31168531,15,392,407,0.96,0.04
31186872,5,63,68,0.93,0.07
31194218,3,141,144,0.98,0.02
31208516,11,125,136,0.92,0.08
31210664,17,394,411,0.96,0.04
31218004,24,307,331,0.93,0.07
31219623,2,24,26,0.92,0.08
31241544,38,342,380,0.90,0.10
31242607,5,142,147,0.97,0.03
31260007,15,119,134,0.89,0.11
31264528,,11,11,1.00,0.00
31267687,9,92,101,0.91,0.09
31315518,20,55,75,0.73,0.27
31318558,4,62,66,0.94,0.06
31318559,7,54,61,0.89,0.11
31318560,6,71,77,0.92,0.08
31318561,3,51,54,0.94,0.06
31318562,9,69,78,0.88,0.12
31318563,12,125,137,0.91,0.09
31318564,24,96,120,0.80,0.20
31318566,19,91,110,0.83,0.17
31321220,13,44,57,0.77,0.23
31327477,,11,11,1.00,0.00
31378714,10,95,105,0.90,0.10
31380330,1,16,17,0.94,0.06
31405221,,6,6,1.00,0.00
31407515,10,289,299,0.97,0.03
31411427,2,82,84,0.98,0.02
31411568,12,230,242,0.95,0.05
31412550,12,146,158,0.92,0.08
31413397,2,56,58,0.97,0.03
31414815,,32,32,1.00,0.00
31419966,5,14,19,0.74,0.26
31448967,21,113,134,0.84,0.16
31460257,26,415,441,0.94,0.06
31461565,8,77,85,0.91,0.09
31470914,11,143,154,0.93,0.07
31472865,,7,7,1.00,0.00
31493518,10,256,266,0.96,0.04
31511845,8,200,208,0.96,0.04
31516196,2,11,13,0.85,0.15
31519951,5,74,79,0.94,0.06
31538688,1,156,157,0.99,0.01
31539473,4,126,130,0.97,0.03
31559217,1,116,117,0.99,0.01
31562828,2,45,47,0.96,0.04
31565062,,42,42,1.00,0.00
31612713,1,11,12,0.92,0.08
31615798,10,109,119,0.92,0.08
31621623,6,106,112,0.95,0.05
31641815,3,153,156,0.98,0.02
31681780,6,83,89,0.93,0.07
31681782,6,42,48,0.88,0.13
31681784,2,53,55,0.96,0.04
31693217,10,135,145,0.93,0.07
31703945,,40,40,1.00,0.00
31707790,20,410,430,0.95,0.05
31709039,9,94,103,0.91,0.09
31710158,,19,19,1.00,0.00
31742907,7,40,47,0.85,0.15
31801338,3,45,48,0.94,0.06
31834926,5,220,225,0.98,0.02
31835900,11,231,242,0.95,0.05
31843328,3,31,34,0.91,0.09
31843331,5,29,34,0.85,0.15
31843343,2,11,13,0.85,0.15
31843350,2,26,28,0.93,0.07
31902908,11,128,139,0.92,0.08
31922275,6,101,107,0.94,0.06
31986153,4,54,58,0.93,0.07
31992642,18,39,57,0.68,0.32
32043020,9,149,158,0.94,0.06
32046748,,14,14,1.00,0.00
32076476,,13,13,1.00,0.00
32076492,2,18,20,0.90,0.10
32076498,5,17,22,0.77,0.23
32134137,8,66,74,0.89,0.11
32155656,1,2,3,0.67,0.33
32164395,1,33,34,0.97,0.03
32204669,3,26,29,0.90,0.10
32236326,,2,2,1.00,0.00
32259212,3,58,61,0.95,0.05
32301460,5,214,219,0.98,0.02
32328388,8,143,151,0.95,0.05
32330028,3,106,109,0.97,0.03
32332610,7,78,85,0.92,0.08
32338208,,7,7,1.00,0.00
32341804,,10,10,1.00,0.00
32343774,,9,9,1.00,0.00
32351136,1,18,19,0.95,0.05
32357949,4,86,90,0.96,0.04
32363929,8,141,149,0.95,0.05
32392503,6,42,48,0.88,0.13
32415241,13,157,170,0.92,0.08
32424479,9,194,203,0.96,0.04
32425462,,7,7,1.00,0.00
32443907,10,205,215,0.95,0.05
32445880,,2,2,1.00,0.00
32446540,4,131,135,0.97,0.03
32465550,4,140,144,0.97,0.03
32496447,14,14,28,0.50,0.50
32496458,,1,1,1.00,0.00
32496511,,2,2,1.00,0.00
32496514,,8,8,1.00,0.00
32496518,,23,23,1.00,0.00
32500693,12,127,139,0.91,0.09
32515511,9,58,67,0.87,0.13
32560585,,4,4,1.00,0.00
32571027,,12,12,1.00,0.00
32572351,,4,4,1.00,0.00
32577436,1,35,36,0.97,0.03
32584893,4,106,110,0.96,0.04
32594995,14,159,173,0.92,0.08
32607516,22,451,473,0.95,0.05
32671236,3,61,64,0.95,0.05
32734094,,39,39,1.00,0.00
32739890,13,161,174,0.93,0.07
32740257,17,112,129,0.87,0.13
32742604,3,25,28,0.89,0.11
32747638,22,159,181,0.88,0.12
32747686,,18,18,1.00,0.00
32760750,4,90,94,0.96,0.04
32763001,19,119,138,0.86,0.14
32764991,1,24,25,0.96,0.04
32766632,2,11,13,0.85,0.15
32789412,3,28,31,0.90,0.10
32792238,6,89,95,0.94,0.06
32798222,,5,5,1.00,0.00
32819433,13,251,264,0.95,0.05
32832815,,2,2,1.00,0.00
32851430,38,167,205,0.81,0.19
32870113,12,227,239,0.95,0.05
32875666,3,52,55,0.95,0.05
32893323,3,37,40,0.93,0.08
32914217,5,7,12,0.58,0.42
32933835,1,62,63,0.98,0.02
32934875,,3,3,1.00,0.00
32939502,1,19,20,0.95,0.05
32942664,2,50,52,0.96,0.04
32954891,2,75,77,0.97,0.03
32960353,,7,7,1.00,0.00
32980348,3,97,100,0.97,0.03
32984082,13,105,118,0.89,0.11
33017346,9,122,131,0.93,0.07
33021011,4,67,71,0.94,0.06
33041360,,15,15,1.00,0.00
33072478,6,90,96,0.94,0.06
33089975,1,4,5,0.80,0.20
33099066,14,148,162,0.91,0.09
33110612,,7,7,1.00,0.00
33119826,3,28,31,0.90,0.10
33160534,5,79,84,0.94,0.06
33160537,8,44,52,0.85,0.15
33160539,9,62,71,0.87,0.13
33161590,,16,16,1.00,0.00
33166216,4,73,77,0.95,0.05
33190964,1,4,5,0.80,0.20
33199379,1,72,73,0.99,0.01
33217597,6,101,107,0.94,0.06
33227432,3,36,39,0.92,0.08
33230041,2,47,49,0.96,0.04
33249305,7,129,136,0.95,0.05
33267515,12,177,189,0.94,0.06
33274530,,3,3,1.00,0.00
33296597,3,106,109,0.97,0.03
33311066,,14,14,1.00,0.00
33335010,3,39,42,0.93,0.07
33337905,3,14,17,0.82,0.18
33346966,4,203,207,0.98,0.02
33362049,8,90,98,0.92,0.08
33365046,3,65,68,0.96,0.04
33367075,5,16,21,0.76,0.24
33398534,,19,19,1.00,0.00
33434434,1,5,6,0.83,0.17
33443607,6,54,60,0.90,0.10
33522770,7,114,121,0.94,0.06
33529729,2,36,38,0.95,0.05
33530871,1,41,42,0.98,0.02
33561547,,3,3,1.00,0.00
33619077,2,28,30,0.93,0.07
33631355,,13,13,1.00,0.00
33655216,3,12,15,0.80,0.20
33655655,1,18,19,0.95,0.05
33663157,7,76,83,0.92,0.08
33665924,6,146,152,0.96,0.04
33666340,,8,8,1.00,0.00
33679901,3,49,52,0.94,0.06
33700367,22,150,172,0.87,0.13
33702386,3,54,57,0.95,0.05
33702614,3,50,53,0.94,0.06
33742245,4,141,145,0.97,0.03
33744208,7,57,64,0.89,0.11
33773838,,11,11,1.00,0.00
33819907,6,72,78,0.92,0.08
33826416,4,35,39,0.90,0.10
33826958,,8,8,1.00,0.00
33852026,4,106,110,0.96,0.04
33876682,,23,23,1.00,0.00
33898003,5,96,101,0.95,0.05
33933281,1,33,34,0.97,0.03
33963364,,22,22,1.00,0.00
33971488,3,143,146,0.98,0.02
33999981,1,25,26,0.96,0.04
34009815,42,87,129,0.67,0.33
34024926,,2,2,1.00,0.00
34038444,4,128,132,0.97,0.03
34065220,,54,54,1.00,0.00
34086588,2,110,112,0.98,0.02
34087565,5,60,65,0.92,0.08
34095689,5,157,162,0.97,0.03
34123903,11,66,77,0.86,0.14
34148130,2,33,35,0.94,0.06
34152268,8,22,30,0.73,0.27
34169447,19,77,96,0.80,0.20
34203295,7,117,124,0.94,0.06
34207606,2,28,30,0.93,0.07
34230189,7,41,48,0.85,0.15
34285587,4,114,118,0.97,0.03
34326191,23,167,190,0.88,0.12
34381498,,21,21,1.00,0.00
34411204,44,145,189,0.77,0.23
34438347,8,36,44,0.82,0.18
34441424,,3,3,1.00,0.00
34441430,,9,9,1.00,0.00
34441459,1,13,14,0.93,0.07
34471467,4,51,55,0.93,0.07
34473124,10,101,111,0.91,0.09
34478316,6,52,58,0.90,0.10
34478448,16,30,46,0.65,0.35
34479644,2,23,25,0.92,0.08
34507841,8,6,14,0.43,0.57
34541348,9,88,97,0.91,0.09
34541887,1,71,72,0.99,0.01
34546543,6,53,59,0.90,0.10
34564890,3,44,47,0.94,0.06
34572413,,3,3,1.00,0.00
34619189,6,105,111,0.95,0.05
34619535,1,32,33,0.97,0.03
34670804,,4,4,1.00,0.00
34742756,4,59,63,0.94,0.06
34744862,2,59,61,0.97,0.03
34751313,1,15,16,0.94,0.06
34776098,12,60,72,0.83,0.17
34780477,1,19,20,0.95,0.05
34782201,5,93,98,0.95,0.05
34787446,24,58,82,0.71,0.29
34787454,,12,12,1.00,0.00
34791824,11,230,241,0.95,0.05
34832746,6,65,71,0.92,0.08
34887534,2,41,43,0.95,0.05
34900080,10,66,76,0.87,0.13
34929586,1,40,41,0.98,0.02
35012806,,21,21,1.00,0.00
35031057,1,25,26,0.96,0.04
35033865,7,107,114,0.94,0.06
35038518,16,62,78,0.79,0.21
35064768,9,27,36,0.75,0.25
35079780,,25,25,1.00,0.00
35096181,,7,7,1.00,0.00
35131449,,38,38,1.00,0.00
35162584,25,73,98,0.74,0.26
35190871,2,88,90,0.98,0.02
35218486,3,48,51,0.94,0.06
35227153,6,62,68,0.91,0.09
35263012,5,50,55,0.91,0.09
35285366,8,83,91,0.91,0.09
35287564,1,29,30,0.97,0.03
35314038,2,49,51,0.96,0.04
35317253,6,59,65,0.91,0.09
35317276,3,44,47,0.94,0.06
35317354,5,18,23,0.78,0.22
35317377,1,28,29,0.97,0.03
35317403,16,37,53,0.70,0.30
35317431,1,38,39,0.97,0.03
35352165,1,26,27,0.96,0.04
35367152,2,55,57,0.96,0.04
35373849,13,42,55,0.76,0.24
35382786,1,26,27,0.96,0.04
35397847,3,28,31,0.90,0.10
35397853,10,37,47,0.79,0.21
35415604,,24,24,1.00,0.00
35420042,1,3,4,0.75,0.25
35464423,7,161,168,0.96,0.04
35465122,6,111,117,0.95,0.05
35470049,1,32,33,0.97,0.03
35485678,5,57,62,0.92,0.08
35487313,21,125,146,0.86,0.14
35487922,,10,10,1.00,0.00
35493650,5,94,99,0.95,0.05
35516808,,11,11,1.00,0.00
35521639,1,51,52,0.98,0.02
35573039,4,27,31,0.87,0.13
35573699,2,,2,0.00,1.00
35575552,,9,9,1.00,0.00
35578299,6,116,122,0.95,0.05
35578680,3,29,32,0.91,0.09
35607945,3,42,45,0.93,0.07
35609891,1,25,26,0.96,0.04
35612017,,13,13,1.00,0.00
35613436,7,46,53,0.87,0.13
35613465,7,67,74,0.91,0.09
35613495,4,33,37,0.89,0.11
35613575,6,13,19,0.68,0.32
35623115,1,25,26,0.96,0.04
35638756,1,23,24,0.96,0.04
35651647,8,58,66,0.88,0.12
35679237,3,24,27,0.89,0.11
35684202,1,6,7,0.86,0.14
35685303,5,91,96,0.95,0.05
35737803,1,18,19,0.95,0.05
35768220,1,44,45,0.98,0.02
35771458,,20,20,1.00,0.00
35774025,,29,29,1.00,0.00
35802993,11,49,60,0.82,0.18
35843306,2,63,65,0.97,0.03
35877435,3,32,35,0.91,0.09
35910484,7,74,81,0.91,0.09
35963534,,5,5,1.00,0.00
35968053,,42,42,1.00,0.00
36002529,3,19,22,0.86,0.14
36066072,,4,4,1.00,0.00
36068314,,1,1,1.00,0.00
36078302,,1,1,1.00,0.00
36079259,2,68,70,0.97,0.03
36088806,,14,14,1.00,0.00
36100528,7,75,82,0.91,0.09
36168281,,5,5,1.00,0.00
36180237,10,105,115,0.91,0.09
36197973,1,31,32,0.97,0.03
36213020,12,23,35,0.66,0.34
36241169,7,105,112,0.94,0.06
36243487,9,137,146,0.94,0.06
36263273,7,69,76,0.91,0.09
36310162,7,44,51,0.86,0.14
36317959,,41,41,1.00,0.00
36335317,3,61,64,0.95,0.05
36342421,3,43,46,0.93,0.07
36375649,1,15,16,0.94,0.06
36415018,,16,16,1.00,0.00
36416827,3,83,86,0.97,0.03
36420977,,6,6,1.00,0.00
36514427,1,7,8,0.88,0.13
36521499,1,33,34,0.97,0.03
36524831,,19,19,1.00,0.00
36546573,,55,55,1.00,0.00
36550199,,12,12,1.00,0.00
36573403,7,82,89,0.92,0.08
36700186,2,4,6,0.67,0.33
36700731,1,29,30,0.97,0.03
36727850,3,68,71,0.96,0.04
36813632,2,21,23,0.91,0.09
36846124,6,53,59,0.90,0.10
36899294,1,53,54,0.98,0.02
36905668,,12,12,1.00,0.00
36905980,2,29,31,0.94,0.06
36908405,,9,9,1.00,0.00
36911161,,8,8,1.00,0.00
36912433,,2,2,1.00,0.00
36914653,,4,4,1.00,0.00
36914710,3,22,25,0.88,0.12
36917298,1,33,34,0.97,0.03
36942014,2,20,22,0.91,0.09
36958278,8,49,57,0.86,0.14
36969398,,1,1,1.00,0.00
36984661,,41,41,1.00,0.00
37009624,6,18,24,0.75,0.25
37039540,,10,10,1.00,0.00
37045917,,5,5,1.00,0.00
37081730,2,42,44,0.95,0.05
37119782,,17,17,1.00,0.00
37212222,,28,28,1.00,0.00
37218560,,40,40,1.00,0.00
37255301,5,58,63,0.92,0.08
37282410,,6,6,1.00,0.00
37287365,,18,18,1.00,0.00
37288485,,52,52,1.00,0.00
37297327,3,16,19,0.84,0.16
37314271,1,11,12,0.92,0.08
37324795,4,31,35,0.89,0.11
37327799,4,47,51,0.92,0.08
37330675,,13,13,1.00,0.00
37357793,2,20,22,0.91,0.09
37358423,,20,20,1.00,0.00
37366326,,14,14,1.00,0.00
37391846,2,58,60,0.97,0.03
37395263,,15,15,1.00,0.00
37417747,,7,7,1.00,0.00
37417990,,7,7,1.00,0.00
37423612,6,55,61,0.90,0.10
37490888,1,41,42,0.98,0.02
37491288,,20,20,1.00,0.00
37554979,3,13,16,0.81,0.19
37563000,,1,1,1.00,0.00
37611029,3,9,12,0.75,0.25
37628378,,7,7,1.00,0.00
37630701,4,60,64,0.94,0.06
37648583,,7,7,1.00,0.00
37686720,1,11,12,0.92,0.08
37721737,2,15,17,0.88,0.12
37793218,5,26,31,0.84,0.16
37803956,,25,25,1.00,0.00
37838413,2,11,13,0.85,0.15
37892971,1,14,15,0.93,0.07
37900889,6,11,17,0.65,0.35
37969437,,18,18,1.00,0.00
37969789,,6,6,1.00,0.00
37974419,,5,5,1.00,0.00
37974850,,21,21,1.00,0.00
37990138,1,12,13,0.92,0.08
38030235,,1,1,1.00,0.00
38045465,,1,1,1.00,0.00
38048770,,2,2,1.00,0.00
38052258,1,5,6,0.83,0.17
38052261,,2,2,1.00,0.00
38070440,,12,12,1.00,0.00
38083681,,3,3,1.00,0.00
38101122,3,25,28,0.89,0.11
38101783,,2,2,1.00,0.00
38123308,,1,1,1.00,0.00
38129233,1,26,27,0.96,0.04
38134911,1,7,8,0.88,0.13
38135920,2,6,8,0.75,0.25
38152084,,3,3,1.00,0.00
38209611,1,15,16,0.94,0.06
38217215,1,29,30,0.97,0.03
38266279,,12,12,1.00,0.00
38296909,,4,4,1.00,0.00
38298493,,2,2,1.00,0.00
38343217,,7,7,1.00,0.00
38358756,2,11,13,0.85,0.15
38551945,1,11,12,0.92,0.08
38568166,,2,2,1.00,0.00
38616361,,1,1,1.00,0.00
